A1A,A2A,A5A,A8A,A1B,A2B,A1C,A1E,A1G,A1H,A2H,A1K,A1L,A1M,A1N,A2N,A1S,A1V,A2V,A1W,A1X,A1Y,A0A,A0B,A0C,A0E,A0G,A0H,A0J,A0K,A0L,A0M,A0N,A0P,A0R
B1A,B2A,B3A,B4A,B5A,B9A,B1B,B3B,B4B,B1C,B2C,B4C,B1E,B2E,B3E,B4E,B1G,B2G,B3G,B4G,B1H,B2H,B3H,B4H,B1J,B2J,B3J,B1K,B3K,B1L,B3L,B6L,B1M,B3M,B1N,B2N,B3N,B4N,B1P,B3P,B4P,B1R,B2R,B3R,B4R,B1S,B2S,B3S,B1T,B2T,B3T,B1V,B2V,B3V,B4V,B1W,B2W,B1X,B2X,B1Y,B2Y,B2Z,B3Z,B0C,B0E,B0H,B0J,B0K,B0L,B0M,B0N,B0P,B0R,B0S,B0T,B0V,B0W
C0A,C1A,C1B,C1C,C1E,C0B,C1N
E1A,E2A,E3A,E4A,E5A,E6A,E7A,E8A,E9A,E1B,E3B,E4B,E5B,E6B,E7B,E8B,E9B,E1C,E3C,E4C,E5C,E6C,E7C,E8C,E9C,E1E,E2E,E3E,E4E,E5E,E6E,E7E,E8E,E9E,E1G,E2G,E3G,E4G,E5G,E6G,E7G,E8G,E9G,E1H,E2H,E4H,E5H,E6H,E7H,E9H,E1J,E2J,E4J,E5J,E6J,E7J,E8J,E2K,E4K,E5K,E6K,E7K,E8K,E2L,E3L,E4L,E5L,E6L,E7L,E8L,E2M,E4M,E5M,E7M,E8M,E1N,E2N,E3N,E4N,E5N,E7N,E8N,E2P,E4P,E5P,E7P,E8P,E2R,E4R,E5R,E8R,E2S,E4S,E5S,E8S,E4T,E5T,E8T,E1V,E2V,E3V,E4V,E5V,E1W,E4W,E1X,E4X,E3Y,E4Y,E3Z,E4Z
G1A,G2A,G3A,G4A,G5A,G6A,G7A,G8A,G9A,G1B,G2B,G3B,G5B,G6B,G7B,G8B,G9B,G1C,G2C,G3C,G5C,G6C,G8C,G9C,G1E,G2E,G3E,G6E,G8E,G1G,G2G,G3G,G6G,G7G,G8G,G1H,G3H,G5H,G6H,G7H,G8H,G9H,G1J,G2J,G3J,G5J,G6J,G7J,G8J,G1K,G2K,G3K,G6K,G7K,G8K,G1L,G2L,G3L,G5L,G6L,G8L,G1M,G2M,G3M,G5M,G8M,G1N,G2N,G3N,G5N,G7N,G8N,G9N,G1P,G6P,G7P,G8P,G9P,G1R,G4R,G5R,G6R,G9R,G1S,G3S,G4S,G6S,G7S,G1T,G4T,G5T,G6T,G7T,G8T,G9T,G1V,G4V,G5V,G6V,G8V,G1W,G4W,G6W,G8W,G1X,G4X,G5X,G6X,G7X,G9X,G1Y,G5Y,G6Y,G7Y,G8Y,G3Z,G4Z,G5Z,G6Z,G7Z,G8Z,G0A,G0C,G0E,G0G,G0H,G0J,G0K,G0L,G0M,G0N,G0P,G0R,G0S,G0T,G0V,G0W,G0X,G0Y,G0Z
H1A,H2A,H3A,H4A,H5A,H7A,H9A,H1B,H2B,H3B,H4B,H5B,H7B,H9B,H1C,H2C,H3C,H4C,H7C,H9C,H1E,H2E,H3E,H4E,H7E,H9E,H1G,H2G,H3G,H4G,H7G,H9G,H0H,H1H,H2H,H3H,H4H,H7H,H9H,H1J,H2J,H3J,H4J,H7J,H9J,H1K,H2K,H3K,H4K,H7K,H9K,H1L,H2L,H3L,H4L,H7L,H0M,H1M,H2M,H3M,H4M,H7M,H1N,H2N,H3N,H4N,H7N,H8N,H1P,H2P,H3P,H4P,H7P,H8P,H9P,H1R,H2R,H3R,H4R,H7R,H8R,H9R,H1S,H2S,H3S,H4S,H7S,H8S,H9S,H1T,H2T,H3T,H4T,H7T,H8T,H1V,H2V,H3V,H4V,H7V,H1W,H2W,H3W,H4W,H7W,H9W,H1X,H2X,H3X,H4X,H7X,H9X,H1Y,H2Y,H3Y,H4Y,H7Y,H8Y,H1Z,H2Z,H3Z,H4Z,H8Z
J1A,J2A,J3A,J5A,J6A,J7A,J8A,J9A,J2B,J3B,J4B,J5B,J7B,J8B,J9B,J1C,J2C,J5C,J7C,J8C,J1E,J2E,J3E,J6E,J7E,J8E,J9E,J1G,J2G,J3G,J4G,J7G,J8G,J1H,J2H,J3H,J4H,J7H,J8H,J9H,J1J,J2J,J4J,J5J,J6J,J7J,J9J,J1K,J2K,J4K,J5K,J6K,J7K,J1L,J2L,J3L,J4L,J5L,J7L,J8L,J9L,J1M,J2M,J3M,J4M,J5M,J7M,J8M,J1N,J2N,J3N,J4N,J6N,J7N,J8N,J3P,J4P,J7P,J8P,J9P,J1R,J2R,J3R,J4R,J5R,J6R,J7R,J8R,J1S,J2S,J4S,J6S,J1T,J2T,J3T,J4T,J5T,J6T,J7T,J8T,J9T,J3V,J4V,J5V,J6V,J7V,J8V,J9V,J2W,J4W,J5W,J6W,J7W,J1X,J2X,J3X,J4X,J5X,J6X,J7X,J8X,J9X,J2Y,J3Y,J4Y,J5Y,J6Y,J7Y,J8Y,J9Y,J1Z,J3Z,J4Z,J5Z,J6Z,J7Z,J8Z,J9Z,J0A,J0B,J0C,J0E,J0G,J0H,J0J,J0K,J0L,J0M,J0N,J0P,J0R,J0S,J0T,J0V,J0W,J0X,J0Y,J0Z
K1A,K2A,K4A,K6A,K7A,K8A,K9A,K1B,K2B,K4B,K8B,K1C,K2C,K4C,K7C,K1E,K2E,K1G,K2G,K7G,K1H,K2H,K6H,K7H,K8H,K9H,K1J,K2J,K6J,K9J,K1K,K2K,K4K,K6K,K7K,K9K,K1L,K2L,K7L,K9L,K1M,K2M,K4M,K7M,K1N,K7N,K8N,K1P,K2P,K4P,K7P,K8P,K1R,K2R,K4R,K7R,K8R,K1S,K2S,K7S,K1T,K2T,K6T,K1V,K2V,K6V,K7V,K8V,K9V,K1W,K2W,K1X,K1Y,K1Z,K0A,K0B,K0C,K0E,K0G,K0H,K0J,K0K,K0L,K0M
L1A,L2A,L4A,L5A,L6A,L7A,L9A,L1B,L3B,L4B,L5B,L6B,L7B,L8B,L9B,L1C,L3C,L4C,L5C,L6C,L7C,L9C,L1E,L2E,L4E,L5E,L6E,L7E,L8E,L9E,L1G,L2G,L4G,L5G,L6G,L7G,L8G,L9G,L1H,L2H,L4H,L5H,L6H,L8H,L9H,L1J,L2J,L4J,L5J,L6J,L7J,L8J,L9J,L1K,L3K,L4K,L5K,L6K,L7K,L8K,L9K,L1L,L4L,L5L,L6L,L7L,L8L,L9L,L1M,L2M,L3M,L4M,L5M,L6M,L7M,L8M,L9M,L1N,L2N,L4N,L5N,L7N,L8N,L9N,L1P,L2P,L3P,L4P,L5P,L6P,L7P,L8P,L9P,L1R,L2R,L3R,L4R,L5R,L6R,L7R,L8R,L9R,L1S,L2S,L3S,L4S,L5S,L6S,L7S,L8S,L9S,L1T,L2T,L3T,L4T,L5T,L6T,L7T,L8T,L9T,L1V,L2V,L3V,L4V,L5V,L6V,L8V,L9V,L1W,L2W,L4W,L5W,L6W,L8W,L9W,L1X,L3X,L4X,L6X,L9X,L1Y,L3Y,L4Y,L6Y,L9Y,L1Z,L3Z,L4Z,L6Z,L9Z,L0A,L0B,L0C,L0E,L0G,L0H,L0J,L0K,L0L,L0M,L0N,L0P,L0R,L0S
N1A,N2A,N3A,N5A,N6A,N7A,N8A,N9A,N2B,N3B,N4B,N6B,N9B,N1C,N2C,N3C,N5C,N6C,N9C,N1E,N2E,N3E,N6E,N9E,N1G,N2G,N4G,N6G,N7G,N9G,N1H,N2H,N3H,N5H,N6H,N8H,N9H,N2J,N6J,N9J,N1K,N2K,N4K,N6K,N9K,N1L,N2L,N3L,N4L,N5L,N6L,N7L,N1M,N2M,N6M,N7M,N8M,N2N,N4N,N6N,N8N,N1P,N2P,N3P,N5P,N6P,N8P,N1R,N2R,N3R,N5R,N8R,N1S,N3S,N4S,N7S,N8S,N1T,N2T,N3T,N4T,N7T,N8T,N2V,N3V,N4V,N5V,N7V,N8V,N9V,N3W,N4W,N5W,N7W,N8W,N4X,N5X,N7X,N8X,N3Y,N5Y,N8Y,N9Y,N2Z,N4Z,N5Z,N0A,N0B,N0C,N0E,N0G,N0H,N0J,N0K,N0L,N0M,N0N,N0P,N0R
P1A,P2A,P3A,P5A,P6A,P7A,P9A,P1B,P2B,P3B,P6B,P7B,P1C,P3C,P6C,P7C,P3E,P5E,P7E,P3G,P7G,P1H,P7J,P7K,P1L,P3L,P7L,P2N,P3N,P4N,P5N,P8N,P9N,P1P,P3P,P4P,P4R,P8T,P3Y,P0A,P0B,P0C,P0E,P0G,P0H,P0J,P0K,P0L,P0M,P0N,P0P,P0R,P0S,P0T,P0V,P0W,P0X,P0Y
R1A,R3A,R4A,R5A,R7A,R8A,R9A,R1B,R3B,R7B,R1C,R2C,R3C,R7C,R2E,R3E,R2G,R3G,R4G,R5G,R2H,R3H,R4H,R5H,R2J,R3J,R4J,R5J,R2K,R3K,R4K,R5K,R2L,R3L,R4L,R2M,R3M,R6M,R1N,R2N,R3N,R7N,R8N,R2P,R3P,R2R,R3R,R3S,R3T,R2V,R3V,R2W,R3W,R6W,R2X,R3X,R2Y,R3Y,R0A,R0B,R0C,R0E,R0G,R0H,R0J,R0K,R0L,R0M
S4A,S7A,S9A,S7B,S7C,S4H,S6H,S7H,S9H,S6J,S7J,S4K,S6K,S7K,S4L,S7L,S4M,S7M,S3N,S4N,S7N,S4P,S7P,S4R,S7R,S4S,S7S,S4T,S7T,S2V,S4V,S6V,S7V,S9V,S4W,S6W,S7W,S4X,S6X,S9X,S4Y,S4Z,S0A,S0C,S0E,S0G,S0H,S0J,S0K,S0L,S0M,S0N,S0P
T1A,T2A,T3A,T4A,T5A,T6A,T7A,T8A,T9A,T1B,T2B,T3B,T4B,T5B,T6B,T8B,T1C,T2C,T3C,T4C,T5C,T6C,T8C,T9C,T2E,T3E,T4E,T5E,T6E,T7E,T8E,T9E,T1G,T2G,T3G,T4G,T5G,T6G,T8G,T9G,T1H,T2H,T3H,T4H,T5H,T6H,T8H,T9H,T1J,T2J,T3J,T4J,T5J,T6J,T9J,T1K,T2K,T3K,T5K,T6K,T9K,T1L,T2L,T3L,T4L,T5L,T6L,T8L,T1M,T2M,T3M,T4M,T5M,T6M,T9M,T2N,T3N,T4N,T5N,T6N,T7N,T8N,T9N,T1P,T2P,T3P,T4P,T5P,T6P,T7P,T1R,T2R,T3R,T4R,T5R,T6R,T8R,T1S,T2S,T3S,T4S,T5S,T6S,T7S,T8S,T9S,T2T,T4T,T5T,T6T,T8T,T1V,T2V,T4V,T5V,T6V,T7V,T8V,T9V,T1W,T2W,T5W,T6W,T8W,T9W,T1X,T2X,T4X,T5X,T6X,T7X,T8X,T9X,T1Y,T2Y,T5Y,T7Y,T1Z,T2Z,T3Z,T5Z,T7Z,T0A,T0B,T0C,T0E,T0G,T0H,T0J,T0K,T0L,T0M,T0P,T0V
V1A,V2A,V3A,V4A,V5A,V6A,V7A,V8A,V9A,V1B,V2B,V3B,V4B,V5B,V6B,V7B,V8B,V9B,V1C,V2C,V3C,V4C,V5C,V6C,V7C,V8C,V9C,V1E,V2E,V3E,V4E,V5E,V6E,V7E,V8E,V9E,V1G,V2G,V3G,V4G,V5G,V6G,V7G,V8G,V9G,V1H,V2H,V3H,V5H,V6H,V7H,V9H,V1J,V2J,V3J,V5J,V6J,V7J,V8J,V9J,V1K,V2K,V3K,V4K,V5K,V6K,V7K,V8K,V9K,V1L,V2L,V3L,V4L,V5L,V6L,V7L,V8L,V9L,V1M,V2M,V3M,V4M,V5M,V6M,V7M,V8M,V9M,V1N,V2N,V3N,V4N,V5N,V6N,V7N,V8N,V9N,V1P,V2P,V4P,V5P,V6P,V7P,V8P,V9P,V1R,V2R,V3R,V4R,V5R,V6R,V7R,V8R,V9R,V1S,V2S,V3S,V4S,V5S,V6S,V7S,V8S,V9S,V1T,V2T,V3T,V4T,V5T,V6T,V7T,V8T,V9T,V1V,V2V,V3V,V4V,V5V,V6V,V7V,V8V,V9V,V1W,V2W,V3W,V4W,V5W,V6W,V7W,V8W,V9W,V1X,V2X,V3X,V4X,V5X,V6X,V7X,V8X,V9X,V1Y,V2Y,V3Y,V5Y,V6Y,V7Y,V8Y,V9Y,V1Z,V2Z,V3Z,V4Z,V5Z,V6Z,V8Z,V9Z,V0A,V0B,V0C,V0E,V0G,V0H,V0J,V0K,V0L,V0M,V0N,V0P,V0R,V0S,V0T,V0V,V0W,V0X
X0A,X1A,X0B,X0C,X0E,X0G,X9Z
Y0A,Y1A,Y0B
